metric,value
Precision@10,0.3
Recall@10,0.027916853208903192
Precision@100,0.14853333333333335
Recall@100,0.10402886934734465
