model,Precision@10,Recall@10,Precision@100,Recall@100
BM25,0.3,0.027916853208903192,0.14853333333333335,0.10402886934734465
TrialGPT-local (llama31_8b_full_top100),0.17333333333333334,0.012462288570785823,0.14453333333333332,0.10190859864969459
